2026-07-14T14:31:43.9564583+08:00	START	vns_ts_c101C5
2026-07-14T14:31:54.8168090+08:00	DONE	vns_ts_c101C5	exit=0	elapsed_s=10.851
2026-07-14T14:31:54.8215020+08:00	START	vns_ts_c101C10
2026-07-14T14:32:58.4797540+08:00	SKIP_EXISTS	vns_ts_c101C5
2026-07-14T14:32:58.4898390+08:00	START	vns_ts_c101C10
2026-07-14T14:32:58.5447206+08:00	DONE	vns_ts_c101C10	exit=	elapsed_s=0.05
2026-07-14T14:32:58.5487220+08:00	START	vns_ts_c103C15
2026-07-14T14:32:59.8909913+08:00	DONE	vns_ts_c101C10	exit=0	elapsed_s=65.069
2026-07-14T14:32:59.8919897+08:00	START	vns_ts_c103C15
2026-07-14T14:32:59.9377948+08:00	DONE	vns_ts_c103C15	exit=0	elapsed_s=0.045
2026-07-14T14:32:59.9387952+08:00	START	pyvrp_c101_21
2026-07-14T14:37:23.9222256+08:00	DONE	pyvrp_c101_21	exit=0	elapsed_s=263.981
2026-07-14T14:37:23.9222256+08:00	START	vns_ts_c101_21
2026-07-14T15:55:18.2443304+08:00	DONE	vns_ts_c101_21	exit=0	elapsed_s=4674.32
2026-07-14T15:55:18.3370534+08:00	ALL_DONE
